Driver,Depot,Monday,Tuesday,Wednesday,Thursday,Friday,Saturday,Sunday
D000001,Depot 5,1,1,1,0,1,1,1
D000002,Depot 2,1,1,1,1,1,1,1
D000003,Depot 12,1,1,0,1,1,1,1
D000004,Depot 1,1,1,0,0,0,1,1
D000005,Depot 5,0,1,0,1,1,1,1
D000006,Depot 7,1,0,1,1,0,1,1
D000007,Depot 5,1,1,0,0,1,0,0
D000008,Depot 7,0,1,1,0,0,1,1
D000009,Depot 6,1,1,1,1,1,0,0
D000010,Depot 4,1,1,1,1,1,1,1
D000011,Depot 6,1,1,0,1,1,1,0
D000012,Depot 1,1,1,1,1,1,1,1
D000013,Depot 3,1,1,1,1,1,1,1
D000014,Depot 8,1,1,0,1,0,0,0
D000015,Depot 5,1,1,0,1,0,0,1
D000016,Depot 2,1,0,1,1,1,1,1
D000017,Depot 5,1,1,1,1,1,0,0
D000018,Depot 1,0,1,1,1,1,1,1
D000019,Depot 13,0,0,0,0,1,1,1
D000020,Depot 5,1,1,1,1,0,1,0
D000021,Depot 5,1,1,1,1,1,0,0
D000022,Depot 3,1,1,0,1,1,1,1
D000023,Depot 11,1,0,1,1,1,0,1
D000024,Depot 8,1,1,1,1,1,1,1
D000025,Depot 10,1,1,1,0,0,0,0
D000026,Depot 12,1,0,1,0,1,1,1
D000027,Depot 2,0,1,1,0,1,1,1
D000028,Depot 6,1,1,0,1,1,1,1
D000029,Depot 1,1,0,1,0,1,1,1
D000030,Depot 2,1,0,1,1,1,1,1
D000031,Depot 13,1,1,1,1,1,1,0
D000032,Depot 2,1,1,1,0,1,1,1
D000033,Depot 3,0,1,1,1,1,0,1
D000034,Depot 5,1,0,0,1,1,1,1
D000035,Depot 10,1,1,1,1,1,1,1
D000036,Depot 11,1,1,1,0,1,1,1
D000037,Depot 5,1,0,0,0,1,1,1
D000038,Depot 11,1,1,0,0,0,1,0
D000039,Depot 9,0,1,1,1,1,1,1
D000040,Depot 13,1,1,0,1,1,0,0
D000041,Depot 1,0,0,0,1,0,1,1
D000042,Depot 1,1,1,1,1,1,1,1
D000043,Depot 11,1,1,0,1,1,1,1
D000044,Depot 5,1,1,0,1,1,1,1
D000045,Depot 11,0,1,0,0,0,0,1
D000046,Depot 4,1,1,1,1,1,0,1
D000047,Depot 4,1,0,1,1,0,1,1
D000048,Depot 9,1,0,1,1,0,1,1
D000049,Depot 10,0,1,1,1,1,1,1
D000050,Depot 12,1,0,1,0,0,0,1
D000051,Depot 3,0,1,0,1,1,1,1
D000052,Depot 13,1,1,1,0,1,1,0
D000053,Depot 10,1,1,0,1,0,1,1
D000054,Depot 9,0,1,1,1,1,1,0
D000055,Depot 4,1,1,1,1,1,1,1
D000056,Depot 4,0,0,1,1,1,1,0
D000057,Depot 5,1,0,1,1,1,1,1
D000058,Depot 4,1,1,0,0,1,1,1
D000059,Depot 11,1,1,1,1,0,1,1
D000060,Depot 12,0,1,1,1,1,1,1
D000061,Depot 11,0,1,1,1,0,0,1
D000062,Depot 10,1,0,1,1,1,1,1
D000063,Depot 3,1,1,0,1,1,1,1
D000064,Depot 2,0,1,1,0,1,1,0
D000065,Depot 9,1,1,1,0,0,1,0
D000066,Depot 2,1,0,1,1,1,0,1
D000067,Depot 9,0,1,0,1,1,1,1
D000068,Depot 3,1,0,1,0,1,1,0
D000069,Depot 10,1,1,1,0,1,0,1
D000070,Depot 8,1,1,1,1,1,1,0
D000071,Depot 5,1,1,1,1,1,0,1
D000072,Depot 4,1,1,1,0,0,1,0
D000073,Depot 12,1,0,1,1,0,1,1
D000074,Depot 6,1,0,1,0,1,1,1
D000075,Depot 7,1,1,1,0,1,1,1
D000076,Depot 10,0,0,1,1,1,1,1
D000077,Depot 4,1,1,0,1,1,0,1
D000078,Depot 9,1,1,1,1,1,1,1
D000079,Depot 2,1,1,1,1,1,0,1
D000080,Depot 5,1,0,0,1,0,0,1
D000081,Depot 2,1,1,1,0,0,1,0
D000082,Depot 3,1,0,1,0,1,0,1
D000083,Depot 2,1,0,1,1,1,0,1
D000084,Depot 12,0,0,1,1,1,1,1
D000085,Depot 1,0,1,0,1,1,1,1
D000086,Depot 4,1,1,1,0,1,0,1
D000087,Depot 9,1,1,1,0,1,0,1
D000088,Depot 11,0,1,1,1,1,1,1
D000089,Depot 6,0,1,1,1,0,1,1
D000090,Depot 5,1,1,1,0,1,1,1
D000091,Depot 4,1,0,0,1,1,0,1
D000092,Depot 9,1,0,1,1,1,1,0
D000093,Depot 5,1,1,0,1,1,0,1
D000094,Depot 4,1,1,1,0,1,1,0
D000095,Depot 4,1,0,1,1,1,0,1
D000096,Depot 10,1,1,1,0,0,1,0
D000097,Depot 2,1,1,0,0,1,1,1
D000098,Depot 12,0,1,1,1,1,0,0
D000099,Depot 1,0,1,1,0,1,1,1
D000100,Depot 10,1,1,1,1,0,1,0
D000101,Depot 5,1,0,1,0,1,0,0
D000102,Depot 1,1,1,1,1,1,0,1
D000103,Depot 12,1,0,1,1,0,0,0
D000104,Depot 1,0,1,1,0,1,1,1
D000105,Depot 6,1,1,1,0,0,1,1
D000106,Depot 13,1,1,1,1,1,1,1
D000107,Depot 4,0,0,0,1,0,1,1
D000108,Depot 10,1,1,1,0,1,1,0
D000109,Depot 6,1,0,1,1,1,1,0
D000110,Depot 3,1,1,1,0,0,1,1
D000111,Depot 6,1,0,1,1,1,0,0
D000112,Depot 12,1,1,1,1,1,0,1
D000113,Depot 6,1,1,1,1,1,1,0
D000114,Depot 12,1,1,0,1,1,1,0
D000115,Depot 11,1,1,0,1,1,1,1
D000116,Depot 10,1,1,1,1,1,1,1
D000117,Depot 13,1,1,1,1,1,0,1
D000118,Depot 7,1,0,0,1,1,0,1
D000119,Depot 10,0,1,0,1,0,1,1
D000120,Depot 12,1,1,1,1,1,1,1
D000121,Depot 13,1,0,1,1,0,0,1
D000122,Depot 13,1,1,1,1,1,1,1
D000123,Depot 7,1,1,1,1,1,1,1
D000124,Depot 7,0,1,1,0,0,1,1
D000125,Depot 9,1,1,1,1,1,0,1
D000126,Depot 11,1,1,1,1,1,1,0
D000127,Depot 10,0,1,0,0,0,1,1
D000128,Depot 11,0,1,1,0,1,0,1
D000129,Depot 6,1,1,1,1,0,1,1
D000130,Depot 5,1,0,0,1,1,0,1
D000131,Depot 2,0,0,1,0,0,1,0
D000132,Depot 7,1,1,1,0,0,1,0
D000133,Depot 10,0,1,0,1,0,0,0
D000134,Depot 9,1,1,0,1,1,1,1
D000135,Depot 9,1,1,1,1,0,1,1
D000136,Depot 12,1,1,1,1,1,1,0
D000137,Depot 9,1,0,0,1,1,1,1
D000138,Depot 11,0,0,0,1,0,0,1
D000139,Depot 5,0,1,1,1,0,0,1
D000140,Depot 8,0,1,1,0,1,0,1
D000141,Depot 2,1,1,1,1,0,1,1
D000142,Depot 11,0,1,1,1,1,0,1
D000143,Depot 8,1,1,0,1,1,0,1
D000144,Depot 11,1,1,1,0,0,1,1
D000145,Depot 8,1,0,0,1,0,1,1
D000146,Depot 12,1,1,1,0,1,0,0
D000147,Depot 10,0,1,1,1,0,0,1
D000148,Depot 8,0,0,1,1,0,0,0
D000149,Depot 6,1,1,1,1,1,1,0
D000150,Depot 2,1,0,1,1,1,1,0
D000151,Depot 11,1,1,1,1,1,1,0
D000152,Depot 6,1,0,1,1,1,0,1
D000153,Depot 13,1,0,0,1,1,1,1
D000154,Depot 4,1,0,1,0,1,1,0
D000155,Depot 10,1,0,1,1,1,0,1
D000156,Depot 10,0,0,0,1,0,0,0
D000157,Depot 2,1,1,0,0,1,1,0
D000158,Depot 13,1,0,1,0,1,1,1
D000159,Depot 1,1,1,1,1,0,1,1
D000160,Depot 1,1,1,0,1,0,0,1
D000161,Depot 13,1,1,1,0,1,1,1
D000162,Depot 10,1,1,1,1,1,1,1
D000163,Depot 8,1,1,1,1,1,1,1
D000164,Depot 1,1,1,1,0,0,0,1
D000165,Depot 6,1,0,1,0,1,1,0
D000166,Depot 12,1,1,1,1,1,1,1
D000167,Depot 13,1,1,1,0,1,1,0
D000168,Depot 13,1,1,0,1,1,1,1
D000169,Depot 2,1,1,1,1,1,1,1
D000170,Depot 11,1,1,0,0,1,1,0
D000171,Depot 12,1,1,1,0,1,1,0
D000172,Depot 1,0,1,1,0,1,1,1
D000173,Depot 11,1,1,0,0,1,1,1
D000174,Depot 11,1,1,1,1,1,1,0
D000175,Depot 1,1,1,1,1,1,1,1
D000176,Depot 10,1,1,1,1,1,1,0
D000177,Depot 2,0,1,1,0,1,0,0
D000178,Depot 9,0,1,1,0,1,1,1
D000179,Depot 11,0,0,0,1,1,1,1
D000180,Depot 7,1,1,1,1,1,1,1
D000181,Depot 7,1,1,1,1,1,1,0
D000182,Depot 9,1,1,0,1,0,1,0
D000183,Depot 6,0,0,1,1,0,1,0
D000184,Depot 2,1,1,1,0,0,1,0
D000185,Depot 9,0,0,0,1,1,1,1
D000186,Depot 2,1,1,0,0,1,1,1
D000187,Depot 1,1,0,1,1,1,0,0
D000188,Depot 2,1,1,1,1,1,1,1
D000189,Depot 7,1,1,1,1,0,1,0
D000190,Depot 3,1,0,0,1,0,1,1
D000191,Depot 11,1,0,1,1,0,1,1
D000192,Depot 10,0,1,0,0,1,1,1
D000193,Depot 10,0,1,1,1,1,0,0
D000194,Depot 3,0,0,1,1,0,1,0
D000195,Depot 3,1,1,1,0,1,0,1
D000196,Depot 6,1,0,1,0,1,0,1
D000197,Depot 12,1,0,1,1,1,0,1
D000198,Depot 7,1,1,1,1,0,1,0
D000199,Depot 13,0,1,1,1,1,1,1
D000200,Depot 1,0,1,1,1,1,1,0
D000201,Depot 8,1,1,1,1,0,0,0
D000202,Depot 7,1,1,1,1,1,0,1
D000203,Depot 13,1,0,1,1,1,1,1
D000204,Depot 13,1,1,1,1,1,0,0
D000205,Depot 5,1,1,0,1,0,1,1
D000206,Depot 4,1,0,1,1,1,1,1
D000207,Depot 11,0,1,1,0,0,1,1
D000208,Depot 9,0,0,1,1,1,1,1
D000209,Depot 13,1,1,0,1,1,1,1
D000210,Depot 8,1,1,1,1,1,0,1
D000211,Depot 1,1,1,0,1,0,1,1
D000212,Depot 2,0,0,0,1,1,1,0
D000213,Depot 10,1,1,0,1,1,1,0
D000214,Depot 13,1,0,1,1,0,1,1
D000215,Depot 10,1,1,1,1,1,1,1
D000216,Depot 2,0,0,0,1,1,0,0
D000217,Depot 1,1,1,0,0,1,1,1
D000218,Depot 4,1,0,0,1,0,1,1
D000219,Depot 3,1,0,1,0,0,1,0
D000220,Depot 11,1,1,1,1,1,1,0
D000221,Depot 11,0,0,0,0,0,1,1
D000222,Depot 5,0,0,1,1,1,1,1
D000223,Depot 2,1,1,1,0,0,1,1
D000224,Depot 4,1,1,1,1,1,1,1
D000225,Depot 3,1,1,1,0,1,1,1
D000226,Depot 11,1,1,0,1,1,0,1
D000227,Depot 9,1,1,1,0,1,1,1
D000228,Depot 2,1,0,0,1,1,0,1
D000229,Depot 5,0,1,0,0,1,0,0
D000230,Depot 11,0,1,1,1,0,0,1
D000231,Depot 6,0,1,1,0,0,0,1
D000232,Depot 4,1,1,0,0,1,1,1
D000233,Depot 2,0,1,1,0,1,1,1
D000234,Depot 5,1,1,1,1,0,1,1
D000235,Depot 5,1,1,1,0,1,0,1
D000236,Depot 6,1,1,1,1,1,1,1
D000237,Depot 10,1,1,1,1,1,0,1
D000238,Depot 1,0,1,1,1,1,1,0
D000239,Depot 13,1,1,0,1,1,0,1
D000240,Depot 3,1,1,1,1,1,0,1
D000241,Depot 9,1,1,1,0,1,1,1
D000242,Depot 9,1,0,1,1,1,0,0
D000243,Depot 3,1,1,1,0,0,0,1
D000244,Depot 10,1,1,1,0,1,1,0
D000245,Depot 9,1,1,1,0,1,1,1
D000246,Depot 7,1,1,1,1,1,0,1
D000247,Depot 11,1,1,1,1,0,0,0
D000248,Depot 2,1,1,0,0,1,1,1
D000249,Depot 7,1,0,1,1,1,0,0
D000250,Depot 10,1,1,1,0,0,0,1
D000251,Depot 13,1,1,1,1,1,1,1
D000252,Depot 3,1,1,1,1,1,1,1
D000253,Depot 8,1,0,1,0,0,1,0
D000254,Depot 8,1,1,1,1,1,1,0
D000255,Depot 2,0,1,0,1,0,1,1
D000256,Depot 4,1,1,0,1,1,1,1
D000257,Depot 4,1,1,1,0,1,1,1
D000258,Depot 1,1,1,0,1,1,1,0
D000259,Depot 5,0,1,1,1,0,1,1
D000260,Depot 5,1,1,0,1,0,1,0
D000261,Depot 3,1,1,1,1,0,1,1
D000262,Depot 13,1,1,1,0,1,1,0
D000263,Depot 1,0,0,0,1,1,1,1
D000264,Depot 13,0,0,0,0,1,1,1
D000265,Depot 5,0,0,1,1,1,0,0
D000266,Depot 2,1,1,1,1,1,1,1
D000267,Depot 5,1,1,1,0,1,1,1
D000268,Depot 9,0,1,0,1,1,0,1
D000269,Depot 11,1,1,0,0,1,1,0
D000270,Depot 10,1,0,1,0,0,1,1
D000271,Depot 7,0,1,1,0,0,1,0
D000272,Depot 5,0,0,0,0,1,1,0
D000273,Depot 6,0,1,1,1,1,1,1
D000274,Depot 6,0,0,0,1,1,0,0
D000275,Depot 11,1,1,0,1,1,1,1
D000276,Depot 12,1,1,1,0,0,0,1
D000277,Depot 7,1,0,1,1,1,1,1
D000278,Depot 9,0,1,1,1,0,0,0
D000279,Depot 4,0,0,0,1,1,1,1
D000280,Depot 6,0,0,1,0,1,1,0
D000281,Depot 12,1,1,0,1,0,0,0
D000282,Depot 7,1,1,1,0,1,1,1
D000283,Depot 9,1,1,0,0,0,1,1
D000284,Depot 13,0,1,1,1,1,1,1
D000285,Depot 13,0,1,1,0,1,0,1
D000286,Depot 3,1,0,1,1,1,1,0
D000287,Depot 3,1,0,1,1,1,1,1
D000288,Depot 2,1,1,1,1,1,1,1
D000289,Depot 8,1,0,1,1,0,1,1
D000290,Depot 5,1,0,1,1,0,1,0
D000291,Depot 6,1,1,0,0,0,1,1
D000292,Depot 6,1,1,1,1,1,0,0
D000293,Depot 13,0,0,1,0,1,1,1
D000294,Depot 13,0,1,1,0,1,1,0
D000295,Depot 8,1,1,1,0,0,0,1
D000296,Depot 10,1,0,0,0,1,1,1
D000297,Depot 7,0,1,0,0,0,1,1
D000298,Depot 9,1,1,1,1,1,1,0
D000299,Depot 10,1,1,0,1,1,1,0
D000300,Depot 6,1,1,1,0,1,0,0
D000301,Depot 10,1,1,1,0,1,0,1
D000302,Depot 4,0,1,0,0,1,1,0
D000303,Depot 7,1,1,1,1,1,1,1
D000304,Depot 1,0,1,0,1,1,0,0
D000305,Depot 13,1,1,1,0,1,1,0
D000306,Depot 13,0,1,1,1,1,0,1
D000307,Depot 4,1,1,1,1,1,1,1
D000308,Depot 9,1,1,1,1,1,1,0
D000309,Depot 11,0,1,1,1,1,1,1
D000310,Depot 12,1,0,1,1,1,1,1
D000311,Depot 13,1,1,1,1,0,1,1
D000312,Depot 4,1,1,1,0,1,1,1
D000313,Depot 11,0,1,1,1,0,1,1
D000314,Depot 7,1,1,1,0,0,1,1
D000315,Depot 2,1,1,1,1,1,0,1
D000316,Depot 3,0,0,0,1,0,0,0
D000317,Depot 6,0,1,1,1,1,1,1
D000318,Depot 2,1,1,1,1,1,0,0
D000319,Depot 11,0,1,1,1,1,0,1
D000320,Depot 8,1,1,1,1,1,0,1
D000321,Depot 3,1,1,0,1,1,0,0
D000322,Depot 1,1,0,0,1,0,0,1
D000323,Depot 5,1,1,1,1,1,0,0
D000324,Depot 3,1,0,1,1,0,0,0
D000325,Depot 13,1,1,1,1,0,1,1
D000326,Depot 9,0,0,1,1,0,0,0
D000327,Depot 5,1,0,1,1,1,1,1
D000328,Depot 10,1,1,0,0,1,0,1
D000329,Depot 5,1,1,0,0,1,1,1
D000330,Depot 7,1,1,1,1,1,1,0
D000331,Depot 10,1,1,0,1,1,0,1
D000332,Depot 10,1,1,1,1,1,1,0
D000333,Depot 12,0,1,1,1,1,1,1
D000334,Depot 13,1,1,1,1,1,1,1
D000335,Depot 8,0,1,0,1,1,1,0
D000336,Depot 6,1,1,0,1,1,1,0
D000337,Depot 13,1,1,1,0,1,0,1
D000338,Depot 13,1,1,1,1,1,0,1
D000339,Depot 11,1,1,1,1,1,1,1
D000340,Depot 9,1,1,1,1,1,1,1
D000341,Depot 10,1,1,1,1,1,1,1
D000342,Depot 3,1,1,1,0,0,1,1
D000343,Depot 3,1,1,1,1,0,1,0
D000344,Depot 1,0,1,1,1,0,1,0
D000345,Depot 2,1,1,0,0,1,1,1
D000346,Depot 7,1,1,0,1,0,1,1
D000347,Depot 5,1,0,0,0,1,1,1
D000348,Depot 4,1,1,1,1,0,0,1
D000349,Depot 6,0,1,1,1,0,1,0
D000350,Depot 2,1,1,1,1,1,1,0
D000351,Depot 7,0,0,1,1,1,1,0
D000352,Depot 10,1,0,1,1,0,1,0
D000353,Depot 7,1,1,0,1,0,0,1
D000354,Depot 2,1,0,1,1,0,0,0
D000355,Depot 3,1,1,1,1,1,0,1
D000356,Depot 6,0,1,1,1,0,0,0
D000357,Depot 9,1,0,1,1,1,1,1
D000358,Depot 10,0,1,1,1,0,1,0
D000359,Depot 7,0,1,1,0,1,1,1
D000360,Depot 10,1,1,1,0,1,0,1
D000361,Depot 13,1,1,0,1,0,0,1
D000362,Depot 3,1,1,1,0,1,1,1
D000363,Depot 7,0,1,1,1,1,1,1
D000364,Depot 9,1,0,0,1,1,1,0
D000365,Depot 12,1,1,0,1,1,1,0
D000366,Depot 12,0,0,1,1,1,1,1
D000367,Depot 13,0,1,1,1,0,0,1
D000368,Depot 4,1,1,1,1,1,1,1
D000369,Depot 12,1,0,1,1,0,1,1
D000370,Depot 6,0,0,1,0,1,1,0
D000371,Depot 13,0,0,0,0,1,1,1
D000372,Depot 10,1,0,1,1,1,0,1
D000373,Depot 4,1,1,1,1,1,1,0
D000374,Depot 6,1,0,1,1,0,1,0
D000375,Depot 7,1,1,0,1,1,1,1
D000376,Depot 4,1,1,1,1,0,1,0
D000377,Depot 7,1,1,1,1,1,1,0
D000378,Depot 7,1,0,1,1,1,1,1
D000379,Depot 7,1,0,1,1,0,1,1
D000380,Depot 9,1,1,1,1,1,0,1
D000381,Depot 11,0,0,0,1,1,0,1
D000382,Depot 9,0,1,1,1,0,1,0
D000383,Depot 3,0,1,1,1,1,1,1
D000384,Depot 9,1,0,0,1,1,0,1
D000385,Depot 6,0,0,1,1,1,1,1
D000386,Depot 1,1,1,1,1,1,0,1
D000387,Depot 1,1,0,0,1,1,1,1
D000388,Depot 4,0,1,1,1,1,0,1
D000389,Depot 13,1,0,1,1,1,1,1
D000390,Depot 13,1,1,0,1,1,1,1
D000391,Depot 2,0,1,1,1,0,1,1
D000392,Depot 13,1,1,1,0,1,1,1
D000393,Depot 13,1,1,1,1,0,1,0
D000394,Depot 10,0,1,1,1,0,1,0
D000395,Depot 11,1,1,1,1,1,1,0
D000396,Depot 7,1,1,1,1,1,1,0
D000397,Depot 9,0,0,1,1,1,0,1
D000398,Depot 9,1,1,1,1,0,1,1
D000399,Depot 5,1,1,1,1,1,0,1
D000400,Depot 4,1,1,1,0,0,1,1
D000401,Depot 6,0,1,1,1,1,1,0
D000402,Depot 11,1,1,1,0,1,1,1
D000403,Depot 1,1,0,0,1,1,1,1
D000404,Depot 8,1,1,1,0,0,1,0
D000405,Depot 12,0,1,1,1,1,1,0
D000406,Depot 3,1,1,0,0,0,0,1
D000407,Depot 12,1,1,0,0,1,0,1
D000408,Depot 9,0,1,0,1,0,0,0
D000409,Depot 2,1,1,0,1,0,1,1
D000410,Depot 13,1,1,1,0,1,1,1
D000411,Depot 2,1,1,0,0,1,1,0
D000412,Depot 9,1,1,1,1,1,1,0
D000413,Depot 2,1,1,1,0,1,1,1
D000414,Depot 6,0,1,1,1,1,1,0
D000415,Depot 10,1,0,0,1,0,0,1
D000416,Depot 4,0,1,1,0,1,0,1
D000417,Depot 6,0,1,0,1,1,0,1
D000418,Depot 12,1,1,0,1,0,1,1
D000419,Depot 3,1,1,1,1,1,1,0
D000420,Depot 2,0,1,1,1,1,1,1
D000421,Depot 3,1,1,1,0,1,1,1
D000422,Depot 6,0,1,1,1,0,0,1
D000423,Depot 2,0,0,1,1,1,0,1
D000424,Depot 9,0,1,0,1,0,0,1
D000425,Depot 13,1,1,1,1,1,1,1
D000426,Depot 6,1,0,1,0,1,0,1
D000427,Depot 13,1,1,1,1,1,1,1
D000428,Depot 13,1,0,1,0,1,1,0
D000429,Depot 3,1,0,1,1,1,1,1
D000430,Depot 11,1,1,0,0,0,1,0
D000431,Depot 6,0,1,1,0,1,1,1
D000432,Depot 7,0,1,0,0,1,1,0
D000433,Depot 10,0,1,1,1,1,1,1
D000434,Depot 13,0,1,1,1,0,0,0
D000435,Depot 2,0,1,1,1,1,1,1
D000436,Depot 7,0,1,0,1,1,1,1
D000437,Depot 5,1,1,1,1,1,0,1
D000438,Depot 10,1,1,0,0,0,1,0
D000439,Depot 3,1,0,0,0,0,1,1
D000440,Depot 1,0,1,1,1,1,1,1
D000441,Depot 6,1,0,1,1,0,1,1
D000442,Depot 10,0,1,1,1,1,1,1
D000443,Depot 1,0,1,1,1,1,1,0
D000444,Depot 6,0,1,0,1,0,1,1
D000445,Depot 8,1,1,1,1,0,1,0
D000446,Depot 2,0,0,0,0,0,0,1
D000447,Depot 7,1,1,0,0,1,0,1
D000448,Depot 6,0,1,0,1,1,1,1
D000449,Depot 11,1,0,1,1,1,1,0
D000450,Depot 7,0,0,0,0,0,0,0
D000451,Depot 12,1,1,1,1,0,1,0
D000452,Depot 2,1,1,1,1,0,1,0
D000453,Depot 8,1,1,0,0,1,1,1
D000454,Depot 13,0,0,1,0,1,1,1
D000455,Depot 2,0,1,1,1,1,1,1
D000456,Depot 6,1,1,1,1,1,1,0
D000457,Depot 10,1,1,1,1,1,0,1
D000458,Depot 6,0,0,1,0,1,1,1
D000459,Depot 5,1,1,1,1,0,1,1
D000460,Depot 11,1,1,1,1,0,1,0
D000461,Depot 12,1,0,1,1,1,1,0
D000462,Depot 10,0,1,1,1,1,1,0
D000463,Depot 7,1,0,0,1,1,1,1
D000464,Depot 6,1,1,1,1,0,1,1
D000465,Depot 6,1,0,0,1,0,1,1
D000466,Depot 2,1,0,1,0,1,1,1
D000467,Depot 11,1,0,0,1,0,0,1
D000468,Depot 2,1,1,1,1,0,1,1
D000469,Depot 7,1,1,1,1,1,0,1
D000470,Depot 6,1,1,1,1,0,1,1
D000471,Depot 1,1,1,0,1,1,1,1
D000472,Depot 1,1,1,1,1,1,1,1
D000473,Depot 8,1,0,1,1,0,0,0
D000474,Depot 12,1,0,0,1,1,0,1
D000475,Depot 7,1,1,1,1,0,1,1
D000476,Depot 13,1,0,1,0,0,1,1
D000477,Depot 9,1,1,1,1,0,1,1
D000478,Depot 5,0,0,1,0,1,1,1
D000479,Depot 9,1,0,1,1,1,1,1
D000480,Depot 1,0,0,1,1,0,1,1
D000481,Depot 11,1,1,1,0,1,0,1
D000482,Depot 4,1,1,1,1,1,1,1
D000483,Depot 11,1,1,1,1,1,0,1
D000484,Depot 6,1,1,1,1,0,1,1
D000485,Depot 2,1,0,0,0,1,1,1
D000486,Depot 3,1,0,1,1,1,1,0
D000487,Depot 4,1,1,0,0,1,1,1
D000488,Depot 11,1,0,1,0,0,0,1
D000489,Depot 11,1,0,1,1,1,1,1
D000490,Depot 9,1,1,1,1,1,0,1
D000491,Depot 10,1,1,1,1,0,1,0
D000492,Depot 11,0,1,0,1,0,1,0
D000493,Depot 8,0,0,1,1,1,0,0
D000494,Depot 13,1,0,1,1,0,0,0
D000495,Depot 12,1,1,1,1,1,1,1
D000496,Depot 3,1,1,1,0,1,1,1
D000497,Depot 12,1,0,1,1,0,1,0
D000498,Depot 8,1,1,1,1,1,1,0
D000499,Depot 10,1,1,0,1,1,1,1
D000500,Depot 8,0,0,1,1,1,1,0
D000501,Depot 8,1,1,1,1,0,0,1
D000502,Depot 6,1,1,1,1,1,1,1
D000503,Depot 12,0,0,1,1,1,1,1
D000504,Depot 6,1,1,0,1,1,0,1
D000505,Depot 2,1,1,1,1,1,1,1
D000506,Depot 13,0,0,1,0,1,1,1
D000507,Depot 3,1,1,1,0,1,1,1
D000508,Depot 8,1,1,1,1,0,1,0
D000509,Depot 6,1,0,1,1,1,1,1
D000510,Depot 10,1,1,1,1,1,1,0
D000511,Depot 8,1,1,1,0,1,0,1
D000512,Depot 12,0,1,1,1,1,0,1
D000513,Depot 5,0,1,0,0,1,1,1
D000514,Depot 12,1,1,0,0,1,1,0
D000515,Depot 3,0,1,1,0,0,1,1
D000516,Depot 13,1,1,1,0,1,1,0
D000517,Depot 7,1,1,0,0,0,1,0
D000518,Depot 9,1,1,1,1,1,1,1
D000519,Depot 6,1,1,1,1,1,0,1
D000520,Depot 9,1,1,0,0,1,1,1
D000521,Depot 5,0,1,0,0,1,0,1
D000522,Depot 1,1,0,0,1,1,1,0
D000523,Depot 10,0,1,0,1,1,0,0
D000524,Depot 8,1,1,1,1,1,1,1
D000525,Depot 7,1,1,1,0,1,0,1
D000526,Depot 13,0,0,1,1,1,1,1
D000527,Depot 2,0,1,1,0,0,0,0
D000528,Depot 11,1,0,1,1,0,1,0
D000529,Depot 5,1,0,1,1,1,1,1
D000530,Depot 3,1,0,1,1,0,0,1
D000531,Depot 3,1,1,0,1,1,0,1
D000532,Depot 13,0,1,1,1,1,1,1
D000533,Depot 12,1,1,1,1,1,0,1
D000534,Depot 1,1,1,0,1,1,1,0
D000535,Depot 2,1,1,0,0,0,1,1
D000536,Depot 10,1,1,1,1,0,1,1
D000537,Depot 11,1,1,1,1,1,1,0
D000538,Depot 7,1,0,0,1,0,1,1
D000539,Depot 2,0,1,0,0,1,1,1
D000540,Depot 1,0,1,1,1,1,1,0
D000541,Depot 6,1,1,1,0,1,1,1
D000542,Depot 11,0,1,1,1,1,1,1
D000543,Depot 10,1,1,1,0,1,1,1
D000544,Depot 2,0,1,1,1,0,0,0
D000545,Depot 2,1,0,1,1,1,0,1
D000546,Depot 11,1,1,1,0,1,1,1
D000547,Depot 7,1,1,1,1,1,0,1
D000548,Depot 11,1,1,1,1,1,0,1
D000549,Depot 2,1,1,1,1,1,1,1
D000550,Depot 2,1,1,1,0,1,0,1
D000551,Depot 10,1,1,0,1,0,1,1
D000552,Depot 12,1,1,0,1,1,1,1
D000553,Depot 6,0,1,1,1,1,1,1
D000554,Depot 5,1,0,1,1,1,1,1
D000555,Depot 10,1,1,1,0,0,0,1
D000556,Depot 8,1,1,1,1,1,1,0
D000557,Depot 13,1,0,0,1,0,1,1
D000558,Depot 6,1,1,1,0,0,1,1
D000559,Depot 10,1,1,1,0,1,0,0
D000560,Depot 11,0,1,1,1,1,0,1
D000561,Depot 13,1,1,0,0,1,0,1
D000562,Depot 12,1,1,0,1,1,0,1
D000563,Depot 3,1,1,1,1,0,1,0
D000564,Depot 4,1,1,1,1,1,0,0
D000565,Depot 4,0,0,1,0,1,0,1
D000566,Depot 6,1,0,1,0,0,1,1
D000567,Depot 9,0,1,1,1,1,1,1
D000568,Depot 1,0,0,1,1,1,1,1
D000569,Depot 6,1,1,1,1,0,0,1
D000570,Depot 3,0,1,0,0,1,1,0
D000571,Depot 5,1,1,1,1,0,0,0
D000572,Depot 3,1,1,1,1,1,1,1
D000573,Depot 3,0,1,0,0,1,1,1
D000574,Depot 9,1,0,1,1,1,1,0
D000575,Depot 4,1,1,1,0,0,1,1
D000576,Depot 13,1,0,1,1,1,1,1
D000577,Depot 10,0,0,0,1,1,1,1
D000578,Depot 9,1,1,0,1,1,1,1
D000579,Depot 7,1,1,0,0,0,1,1
D000580,Depot 10,1,1,0,1,1,1,1
D000581,Depot 12,1,0,1,1,1,0,1
D000582,Depot 2,1,1,0,1,1,0,1
D000583,Depot 10,0,1,0,1,1,1,1
D000584,Depot 2,1,0,0,0,1,1,1
D000585,Depot 10,0,1,0,1,1,0,1
D000586,Depot 9,0,0,1,1,1,0,1
D000587,Depot 6,1,1,1,1,1,1,0
D000588,Depot 9,1,0,1,1,0,1,1
D000589,Depot 5,1,1,0,1,1,1,1
D000590,Depot 4,0,0,1,1,0,1,1
D000591,Depot 3,0,1,1,1,1,1,1
D000592,Depot 10,1,1,1,0,0,0,1
D000593,Depot 10,0,1,1,1,1,1,1
D000594,Depot 6,1,1,0,1,1,1,1
D000595,Depot 12,0,1,1,1,1,1,1
D000596,Depot 12,1,1,1,1,1,0,0
D000597,Depot 10,1,1,1,1,0,0,1
D000598,Depot 12,1,1,0,1,1,1,1
D000599,Depot 6,1,1,1,1,1,1,1
D000600,Depot 12,1,0,1,1,1,1,0
D000601,Depot 3,1,1,1,0,1,1,1
D000602,Depot 12,0,0,1,0,1,0,1
D000603,Depot 2,1,0,1,0,0,1,1
D000604,Depot 7,1,1,1,1,1,1,0
D000605,Depot 13,1,1,1,1,0,1,0
D000606,Depot 9,1,1,0,0,1,1,1
D000607,Depot 13,1,0,1,0,0,1,1
D000608,Depot 5,1,0,1,1,1,0,1
D000609,Depot 11,1,1,1,0,1,1,1
D000610,Depot 8,1,1,1,1,1,1,1
D000611,Depot 9,1,1,1,1,0,0,1
D000612,Depot 12,1,0,0,0,0,1,0
D000613,Depot 11,0,1,0,1,1,1,1
D000614,Depot 9,1,1,1,1,1,1,1
D000615,Depot 2,0,1,1,1,1,1,1
D000616,Depot 10,0,1,0,0,0,0,1
D000617,Depot 1,1,0,0,0,1,0,1
D000618,Depot 4,1,1,0,1,0,1,1
D000619,Depot 4,1,1,1,0,1,1,1
D000620,Depot 6,1,0,0,0,1,0,1
D000621,Depot 13,1,0,1,0,0,1,1
D000622,Depot 10,1,0,1,0,0,0,1
D000623,Depot 13,0,1,1,1,1,1,0
D000624,Depot 6,1,0,0,1,1,0,1
D000625,Depot 2,1,1,1,1,0,1,1
D000626,Depot 11,1,1,1,1,1,1,1
D000627,Depot 11,1,0,0,1,1,1,1
D000628,Depot 10,0,1,1,1,1,1,1
D000629,Depot 9,1,1,1,0,1,1,1
D000630,Depot 3,1,1,1,0,1,1,1
D000631,Depot 1,1,1,1,1,0,1,1
D000632,Depot 6,0,1,1,1,1,0,1
D000633,Depot 13,1,1,0,1,1,1,1
D000634,Depot 11,0,0,1,0,1,0,0
D000635,Depot 9,0,1,1,1,1,1,0
D000636,Depot 2,1,1,1,0,0,1,1
D000637,Depot 7,1,1,1,1,1,0,1
D000638,Depot 10,1,1,1,1,1,1,0
D000639,Depot 2,1,1,1,0,1,1,0
D000640,Depot 12,1,1,0,1,1,1,1
D000641,Depot 2,1,0,0,1,1,0,1
D000642,Depot 10,1,1,1,1,1,0,1
D000643,Depot 13,0,0,1,1,1,1,1
D000644,Depot 2,0,0,1,1,1,1,1
D000645,Depot 4,1,1,1,1,1,0,1
D000646,Depot 12,1,1,0,1,1,1,1
D000647,Depot 12,1,1,1,1,0,1,1
D000648,Depot 2,1,1,0,0,1,1,1
D000649,Depot 13,0,0,0,1,1,0,0
D000650,Depot 6,1,1,1,1,0,1,1
D000651,Depot 9,1,1,1,1,1,1,0
D000652,Depot 13,1,1,1,1,0,1,0
D000653,Depot 10,1,1,1,1,0,0,1
D000654,Depot 3,1,1,0,1,0,1,1
D000655,Depot 8,1,1,0,1,0,1,0
D000656,Depot 5,1,0,1,0,1,1,1
D000657,Depot 12,1,0,1,1,0,1,0
D000658,Depot 13,1,1,0,1,0,1,1
D000659,Depot 12,1,1,0,0,1,1,1
D000660,Depot 5,1,0,0,1,0,1,1
D000661,Depot 4,1,1,1,1,1,1,1
D000662,Depot 2,1,0,1,1,0,0,1
D000663,Depot 8,1,1,0,0,1,1,1
D000664,Depot 3,0,1,1,0,0,1,1
D000665,Depot 5,1,1,1,1,0,0,0
D000666,Depot 4,1,1,1,1,1,1,0
D000667,Depot 11,0,0,0,0,1,0,1
D000668,Depot 2,1,0,1,1,0,1,1
D000669,Depot 1,1,0,1,0,0,0,1
D000670,Depot 3,1,1,1,1,1,0,1
D000671,Depot 2,1,1,1,1,1,0,1
D000672,Depot 7,1,0,1,1,0,0,1
D000673,Depot 1,0,0,1,1,1,1,1
D000674,Depot 8,1,1,0,1,1,1,1
D000675,Depot 1,1,0,1,0,1,0,0
D000676,Depot 6,1,1,1,0,1,1,1
D000677,Depot 2,1,1,1,1,1,1,1
D000678,Depot 11,0,0,0,1,1,1,1
D000679,Depot 13,1,0,1,1,1,1,0
D000680,Depot 7,0,0,1,1,1,1,0
D000681,Depot 12,1,0,0,1,0,1,0
D000682,Depot 12,1,0,1,0,1,0,1
D000683,Depot 9,0,1,1,0,0,1,0
D000684,Depot 7,1,0,1,1,1,1,1
D000685,Depot 8,0,1,1,1,0,1,1
D000686,Depot 3,0,1,1,1,1,1,1
D000687,Depot 4,1,1,1,0,0,0,1
D000688,Depot 1,0,1,1,0,1,0,1
D000689,Depot 10,0,1,1,0,1,0,0
D000690,Depot 9,1,0,0,1,1,1,0
D000691,Depot 12,1,1,1,1,1,0,0
D000692,Depot 9,0,1,0,1,0,0,1
D000693,Depot 5,1,1,0,1,0,1,1
D000694,Depot 8,0,1,0,0,0,1,1
D000695,Depot 2,0,1,1,1,1,0,1
D000696,Depot 8,1,1,1,0,0,1,0
D000697,Depot 9,1,1,1,1,1,1,1
D000698,Depot 5,1,0,0,0,1,1,1
D000699,Depot 8,1,1,1,0,1,1,1
D000700,Depot 12,1,0,1,1,0,0,1
D000701,Depot 1,1,1,0,0,0,1,1
D000702,Depot 7,0,1,0,0,1,1,1
D000703,Depot 12,1,1,1,1,1,0,0
D000704,Depot 3,1,1,0,1,1,0,1
D000705,Depot 7,1,1,1,0,0,1,1
D000706,Depot 12,1,0,1,0,1,0,1
D000707,Depot 5,0,0,0,1,1,1,0
D000708,Depot 4,1,1,1,1,1,0,1
D000709,Depot 6,0,0,1,1,1,1,1
D000710,Depot 3,1,1,1,1,1,1,1
D000711,Depot 12,1,1,0,1,1,1,0
D000712,Depot 5,1,0,1,1,1,1,0
D000713,Depot 3,1,1,1,0,1,1,0
D000714,Depot 5,1,0,1,0,0,1,1
D000715,Depot 8,1,1,0,0,0,1,1
D000716,Depot 4,1,1,0,1,1,1,0
D000717,Depot 9,1,1,1,1,0,1,1
D000718,Depot 1,0,1,1,1,0,1,0
D000719,Depot 13,1,1,1,1,1,1,0
D000720,Depot 12,0,0,1,1,1,1,0
D000721,Depot 1,1,1,0,1,1,1,1
D000722,Depot 12,1,0,1,0,1,1,0
D000723,Depot 3,1,1,1,0,1,1,1
D000724,Depot 9,1,1,0,1,1,1,0
D000725,Depot 7,0,0,1,1,0,0,1
D000726,Depot 13,1,0,1,1,1,0,1
D000727,Depot 6,0,0,1,1,1,1,1
D000728,Depot 8,1,0,1,0,1,1,0
D000729,Depot 3,1,1,1,1,1,1,1
D000730,Depot 11,0,0,0,0,0,1,1
D000731,Depot 3,1,1,1,1,1,1,1
D000732,Depot 7,1,1,1,1,1,1,0
D000733,Depot 12,1,1,1,1,1,1,1
D000734,Depot 12,1,1,1,1,1,0,1
D000735,Depot 6,1,1,0,0,0,1,0
D000736,Depot 3,1,1,1,0,1,1,0
D000737,Depot 13,0,1,0,0,0,0,1
D000738,Depot 4,1,1,1,1,1,1,1
D000739,Depot 2,0,1,1,1,0,1,1
D000740,Depot 4,1,1,1,1,1,1,0
D000741,Depot 7,1,1,1,0,1,1,0
D000742,Depot 13,1,1,1,0,0,1,1
D000743,Depot 4,1,0,1,1,0,0,1
D000744,Depot 3,0,1,1,1,0,1,1
D000745,Depot 10,1,1,0,1,1,1,1
D000746,Depot 5,1,1,0,0,1,1,1
D000747,Depot 3,1,1,1,1,1,1,1
D000748,Depot 8,0,1,0,0,1,1,1
D000749,Depot 3,0,0,0,1,1,0,1
D000750,Depot 10,1,1,1,1,1,1,0
D000751,Depot 10,0,1,1,0,0,1,0
D000752,Depot 13,1,0,1,1,1,1,1
D000753,Depot 12,1,0,0,0,0,1,1
D000754,Depot 9,1,1,1,1,1,1,0
D000755,Depot 11,1,1,1,0,1,1,1
D000756,Depot 8,1,0,0,0,1,1,1
D000757,Depot 6,0,1,1,0,1,0,0
D000758,Depot 10,1,1,0,1,1,1,0
D000759,Depot 10,1,1,1,1,1,1,1
D000760,Depot 4,1,1,0,1,0,1,1
D000761,Depot 11,1,1,1,0,0,1,0
D000762,Depot 11,1,0,0,1,1,0,0
D000763,Depot 13,0,1,0,0,1,1,1
D000764,Depot 10,0,1,1,1,1,0,0
D000765,Depot 13,1,1,1,0,1,0,1
D000766,Depot 5,1,1,1,1,0,0,1
D000767,Depot 7,1,1,1,1,1,1,1
D000768,Depot 6,1,1,0,1,1,1,0
D000769,Depot 11,0,0,1,0,0,0,1
D000770,Depot 3,1,1,1,1,1,1,0
D000771,Depot 5,0,0,0,1,1,1,0
D000772,Depot 7,1,1,1,0,1,1,0
D000773,Depot 1,1,1,0,1,1,1,1
D000774,Depot 7,0,1,1,1,1,1,1
D000775,Depot 10,0,1,1,1,0,0,1
D000776,Depot 6,1,1,1,1,0,0,1
D000777,Depot 11,1,1,1,1,1,1,1
D000778,Depot 5,1,0,1,1,0,1,1
D000779,Depot 5,0,1,1,1,1,0,0
D000780,Depot 11,1,1,1,1,1,1,0
D000781,Depot 11,1,1,1,1,1,1,1
D000782,Depot 1,1,0,1,1,1,1,1
D000783,Depot 10,0,0,1,1,0,1,1
D000784,Depot 9,1,1,1,1,1,1,1
D000785,Depot 6,1,1,0,0,0,1,1
D000786,Depot 11,1,0,1,1,1,0,1
D000787,Depot 7,1,0,1,1,1,1,1
D000788,Depot 11,1,0,1,1,1,1,1
D000789,Depot 12,1,1,0,0,1,0,1
D000790,Depot 10,1,0,0,1,1,1,1
D000791,Depot 2,1,1,1,1,1,0,1
D000792,Depot 7,0,1,1,1,1,1,1
D000793,Depot 9,0,1,1,1,1,1,1
D000794,Depot 7,1,1,1,1,0,1,1
D000795,Depot 4,1,1,1,0,1,0,0
D000796,Depot 4,1,1,1,1,1,1,1
D000797,Depot 2,1,1,1,1,0,0,1
D000798,Depot 12,1,1,1,1,1,1,0
D000799,Depot 10,1,1,0,1,1,1,1
D000800,Depot 13,1,1,1,1,0,0,1
D000801,Depot 4,1,1,1,1,0,0,1
D000802,Depot 2,0,1,1,0,1,1,1
D000803,Depot 10,1,1,1,1,0,1,1
D000804,Depot 12,1,0,1,0,0,1,1
D000805,Depot 12,1,1,0,1,1,0,1
D000806,Depot 5,1,1,0,1,0,0,1
D000807,Depot 13,0,1,1,1,1,0,1
D000808,Depot 1,1,1,1,1,1,1,0
D000809,Depot 1,1,0,1,0,1,1,0
D000810,Depot 9,0,1,1,1,1,1,1
D000811,Depot 10,1,1,1,1,1,1,1
D000812,Depot 11,1,1,0,0,1,0,1
D000813,Depot 12,1,1,0,1,1,1,0
D000814,Depot 7,1,1,1,0,0,1,1
D000815,Depot 2,0,0,1,1,1,1,1
D000816,Depot 1,1,1,0,1,1,1,1
D000817,Depot 3,1,1,1,1,0,1,1
D000818,Depot 5,0,0,1,0,0,1,0
D000819,Depot 8,0,0,0,1,1,0,1
D000820,Depot 7,1,1,1,1,1,0,0
D000821,Depot 11,0,1,1,1,0,1,1
D000822,Depot 4,1,1,1,1,1,0,1
D000823,Depot 8,0,1,0,1,1,0,1
D000824,Depot 9,1,1,0,1,1,1,1
D000825,Depot 11,1,0,1,1,0,1,1
D000826,Depot 4,1,1,0,1,1,0,0
D000827,Depot 11,0,0,1,0,0,1,1
D000828,Depot 4,1,1,1,1,1,1,1
D000829,Depot 6,1,0,0,1,0,1,0
D000830,Depot 11,1,1,1,1,0,1,1
D000831,Depot 1,1,1,1,1,0,0,1
D000832,Depot 3,1,1,1,1,1,1,1
D000833,Depot 9,1,1,0,0,0,0,0
D000834,Depot 6,1,0,0,1,0,1,1
D000835,Depot 3,1,0,1,1,1,0,1
D000836,Depot 1,1,0,1,0,1,1,0
D000837,Depot 12,1,1,0,1,1,0,1
D000838,Depot 8,0,1,1,1,1,1,1
D000839,Depot 1,1,1,0,0,1,1,0
D000840,Depot 4,0,0,1,1,0,1,1
D000841,Depot 12,1,1,1,0,1,1,1
D000842,Depot 7,1,0,1,1,1,0,0
D000843,Depot 13,1,0,1,1,0,1,1
D000844,Depot 13,1,0,1,1,1,1,1
D000845,Depot 12,0,1,0,1,0,1,1
D000846,Depot 3,1,0,1,0,1,1,0
D000847,Depot 10,1,0,1,1,1,1,1
D000848,Depot 11,0,0,1,1,1,0,1
D000849,Depot 4,1,1,0,1,1,1,0
D000850,Depot 13,0,1,0,1,0,1,1
D000851,Depot 4,0,1,1,1,0,0,1
D000852,Depot 10,1,1,0,1,1,1,0
D000853,Depot 4,1,1,1,1,0,0,1
D000854,Depot 2,1,1,1,0,0,0,1
D000855,Depot 3,1,1,1,0,1,1,1
D000856,Depot 9,1,0,1,0,1,1,1
D000857,Depot 8,1,1,1,1,0,0,0
D000858,Depot 5,1,1,1,0,0,1,0
D000859,Depot 9,1,1,0,0,1,1,0
D000860,Depot 12,0,1,1,1,0,1,1
D000861,Depot 10,1,1,1,1,0,1,1
D000862,Depot 10,1,0,1,1,1,1,1
D000863,Depot 7,0,1,1,1,1,1,1
D000864,Depot 10,1,0,1,1,1,0,1
D000865,Depot 9,1,1,1,1,1,0,1
D000866,Depot 9,1,0,1,0,1,1,0
D000867,Depot 3,1,1,0,0,1,0,0
D000868,Depot 1,0,0,1,1,1,1,1
D000869,Depot 13,0,1,0,0,1,0,1
D000870,Depot 13,1,0,1,1,0,0,1
D000871,Depot 8,0,1,1,0,0,1,1
D000872,Depot 1,1,0,1,1,1,1,1
D000873,Depot 7,1,1,1,0,1,1,1
D000874,Depot 4,1,1,0,1,1,1,1
D000875,Depot 6,1,0,1,1,0,1,0
D000876,Depot 4,1,1,1,1,0,0,1
D000877,Depot 11,1,1,1,1,1,1,1
D000878,Depot 7,0,0,1,0,1,1,1
D000879,Depot 9,1,1,1,1,1,1,1
D000880,Depot 10,1,1,0,1,1,1,1
D000881,Depot 2,1,0,1,1,0,1,1
D000882,Depot 8,1,0,0,0,1,1,0
D000883,Depot 11,1,0,0,1,0,0,1
D000884,Depot 8,1,1,0,0,0,0,1
D000885,Depot 3,0,1,1,1,1,0,0
D000886,Depot 1,0,1,1,1,1,1,1
D000887,Depot 11,1,0,1,1,1,0,1
D000888,Depot 11,0,0,1,1,0,1,1
D000889,Depot 13,1,0,1,0,0,1,1
D000890,Depot 4,1,1,1,1,1,1,0
D000891,Depot 9,0,1,0,1,1,1,0
D000892,Depot 6,1,0,0,1,0,0,1
D000893,Depot 8,0,0,1,1,0,0,1
D000894,Depot 11,0,0,0,0,0,0,1
D000895,Depot 2,1,1,1,1,1,1,0
D000896,Depot 5,1,0,0,1,1,1,1
D000897,Depot 13,0,1,1,1,1,1,1
D000898,Depot 9,1,1,1,1,1,1,0
D000899,Depot 8,0,0,1,1,1,0,0
D000900,Depot 6,1,1,1,1,1,1,1
D000901,Depot 6,0,0,1,1,1,1,1
D000902,Depot 10,1,0,1,0,1,0,1
D000903,Depot 11,0,1,0,0,1,0,1
D000904,Depot 2,1,1,1,1,1,0,0
D000905,Depot 10,1,1,1,1,1,1,1
D000906,Depot 1,1,1,1,1,1,0,1
D000907,Depot 3,0,0,1,0,1,1,0
D000908,Depot 6,0,0,1,0,1,1,1
D000909,Depot 12,1,1,1,1,1,1,1
D000910,Depot 11,1,0,0,1,1,1,1
D000911,Depot 2,0,1,1,1,1,1,1
D000912,Depot 4,1,1,1,0,1,1,1
D000913,Depot 5,1,0,1,1,1,1,1
D000914,Depot 9,1,0,1,1,0,1,0
D000915,Depot 1,1,1,0,1,1,1,0
D000916,Depot 11,0,1,1,1,0,1,1
D000917,Depot 4,0,0,1,1,1,1,0
D000918,Depot 6,1,1,1,0,1,1,1
D000919,Depot 6,0,1,1,0,1,0,1
D000920,Depot 8,1,1,0,1,1,1,1
D000921,Depot 12,1,0,1,1,1,0,1
D000922,Depot 1,1,1,1,1,1,1,1
D000923,Depot 5,1,0,1,1,1,0,0
D000924,Depot 1,0,1,0,1,0,0,1
D000925,Depot 4,0,1,1,1,1,1,1
D000926,Depot 3,1,1,1,1,0,1,1
D000927,Depot 4,1,1,1,1,1,1,0
D000928,Depot 13,0,1,0,1,1,1,1
D000929,Depot 3,1,1,0,1,0,1,1
D000930,Depot 3,1,1,0,1,1,1,1
D000931,Depot 6,1,1,1,0,1,0,1
D000932,Depot 3,1,0,1,1,0,0,0
D000933,Depot 1,1,0,1,1,1,1,0
D000934,Depot 12,1,1,1,1,1,1,0
D000935,Depot 10,0,1,0,1,1,0,1
D000936,Depot 5,0,1,1,1,1,0,1
D000937,Depot 13,1,1,1,1,0,1,1
D000938,Depot 11,0,1,0,1,1,0,1
D000939,Depot 3,1,1,0,1,1,1,1
D000940,Depot 12,1,1,1,0,1,1,1
D000941,Depot 7,1,0,0,1,1,0,1
D000942,Depot 12,1,1,0,0,1,1,1
D000943,Depot 2,1,1,1,1,1,1,1
D000944,Depot 13,1,0,0,1,1,1,0
D000945,Depot 2,1,0,1,1,0,0,1
D000946,Depot 5,1,0,1,1,0,0,1
D000947,Depot 12,0,0,1,1,1,0,0
D000948,Depot 9,0,1,1,1,1,1,1
D000949,Depot 2,1,1,1,0,1,1,1
D000950,Depot 11,1,0,0,1,0,0,1
D000951,Depot 12,1,0,1,0,1,0,1
D000952,Depot 13,1,1,1,0,1,1,1
D000953,Depot 9,0,1,1,1,1,1,1
D000954,Depot 7,0,1,1,1,1,1,1
D000955,Depot 5,1,0,0,1,1,1,1
D000956,Depot 3,1,0,0,0,1,0,1
D000957,Depot 4,1,1,1,0,0,0,0
D000958,Depot 9,1,0,1,1,1,1,0
D000959,Depot 4,1,0,1,1,1,1,1
D000960,Depot 9,0,0,0,1,1,0,0
D000961,Depot 9,0,1,1,1,1,0,1
D000962,Depot 2,1,0,1,0,1,1,1
D000963,Depot 12,1,1,1,1,0,0,1
D000964,Depot 3,0,0,1,1,0,0,1
D000965,Depot 3,1,0,1,1,0,1,1
D000966,Depot 7,0,0,1,1,1,1,0
D000967,Depot 3,1,0,1,1,1,0,0
D000968,Depot 11,1,1,1,1,1,1,1
D000969,Depot 11,1,1,0,1,0,1,0
D000970,Depot 11,0,1,1,1,1,1,1
D000971,Depot 8,1,0,0,1,1,0,1
D000972,Depot 1,1,1,1,1,1,0,1
D000973,Depot 5,0,1,0,1,0,0,0
D000974,Depot 1,1,0,0,0,1,1,1
D000975,Depot 1,1,1,1,1,0,1,1
D000976,Depot 6,1,1,1,1,1,0,0
D000977,Depot 9,1,0,1,1,1,0,1
D000978,Depot 12,0,1,0,1,1,1,1
D000979,Depot 7,1,1,1,1,1,1,1
D000980,Depot 5,1,1,1,1,1,1,1
D000981,Depot 13,0,0,0,1,0,0,1
D000982,Depot 3,1,1,0,1,0,0,1
D000983,Depot 8,1,0,1,1,0,1,1
D000984,Depot 4,1,1,0,0,1,1,0
D000985,Depot 5,1,1,1,0,0,1,1
D000986,Depot 6,0,1,0,1,0,0,1
D000987,Depot 13,0,1,1,1,1,1,1
D000988,Depot 5,0,0,1,1,1,1,1
D000989,Depot 5,0,1,1,1,0,0,1
D000990,Depot 13,1,1,1,1,1,1,1
D000991,Depot 7,0,1,1,1,1,0,1
D000992,Depot 8,1,1,1,0,1,1,1
D000993,Depot 3,0,0,0,1,0,0,1
D000994,Depot 13,0,0,1,0,1,0,1
D000995,Depot 13,1,1,1,0,0,1,0
D000996,Depot 13,1,0,1,0,0,1,1
D000997,Depot 1,1,1,1,0,1,1,1
D000998,Depot 12,0,0,1,0,1,1,0
D000999,Depot 1,1,1,1,1,1,1,1
D001000,Depot 12,1,1,1,1,0,0,1
D001001,Depot 2,1,1,1,0,0,1,1
D001002,Depot 8,1,0,1,1,1,1,1
D001003,Depot 7,1,0,0,1,1,0,1
D001004,Depot 4,1,1,1,0,1,1,0
D001005,Depot 6,1,1,1,0,0,1,1
D001006,Depot 12,1,1,1,1,1,0,1
D001007,Depot 13,1,1,1,1,0,1,0
D001008,Depot 8,0,0,1,0,0,1,1
D001009,Depot 9,0,1,1,1,1,1,1
D001010,Depot 5,1,0,1,0,1,1,1
D001011,Depot 2,0,1,0,0,1,0,1
D001012,Depot 12,0,1,1,1,1,1,1
D001013,Depot 11,1,1,1,1,1,0,1
D001014,Depot 2,0,1,1,0,1,0,1
D001015,Depot 7,1,1,1,1,0,1,1
D001016,Depot 1,0,1,1,1,1,0,0
D001017,Depot 11,0,1,0,0,0,0,1
D001018,Depot 11,0,1,1,1,1,1,0
D001019,Depot 13,1,0,1,1,1,1,1
D001020,Depot 9,1,1,1,1,0,0,0
D001021,Depot 11,0,1,0,1,1,1,0
D001022,Depot 9,1,1,1,1,1,1,1
D001023,Depot 9,1,1,1,1,0,1,0
D001024,Depot 6,1,0,0,1,1,1,1
D001025,Depot 11,0,1,1,1,1,0,1
D001026,Depot 2,1,1,1,1,0,1,0
D001027,Depot 11,1,1,1,1,0,1,0
D001028,Depot 4,1,0,0,1,0,1,1
D001029,Depot 8,0,0,1,1,1,1,1
D001030,Depot 11,0,0,1,1,1,1,0
D001031,Depot 6,1,0,1,0,0,1,1
D001032,Depot 1,1,0,1,0,1,1,1
D001033,Depot 5,1,1,1,1,1,1,1
D001034,Depot 4,0,0,1,1,1,0,1
D001035,Depot 8,1,1,1,0,1,0,1
D001036,Depot 10,1,1,0,1,1,0,1
D001037,Depot 11,1,1,1,1,1,1,1
D001038,Depot 10,1,1,0,1,0,1,1
D001039,Depot 12,0,1,0,1,0,0,1
D001040,Depot 4,1,1,1,1,1,1,0
D001041,Depot 4,1,1,1,1,1,1,1
D001042,Depot 4,0,1,1,1,0,1,0
D001043,Depot 11,0,1,1,1,1,1,0
D001044,Depot 11,0,0,1,1,1,1,1
D001045,Depot 10,1,1,1,1,1,1,1
D001046,Depot 13,1,1,1,0,0,1,0
D001047,Depot 12,1,1,1,0,1,1,0
D001048,Depot 6,1,0,1,0,1,1,1
D001049,Depot 3,1,1,0,1,1,1,1
D001050,Depot 4,1,0,0,0,0,0,0
D001051,Depot 9,0,1,1,0,1,1,1
D001052,Depot 13,1,0,1,1,1,0,1
D001053,Depot 1,1,1,0,1,1,0,1
D001054,Depot 9,1,1,1,1,1,1,1
D001055,Depot 9,0,1,1,1,0,1,0
D001056,Depot 13,1,0,0,0,0,0,0
D001057,Depot 5,1,1,1,1,0,1,1
D001058,Depot 1,1,1,1,0,1,0,1
D001059,Depot 11,1,1,1,0,1,0,1
D001060,Depot 4,0,0,1,1,0,1,1
D001061,Depot 11,1,1,1,0,1,1,0
D001062,Depot 10,1,1,0,0,0,1,1
D001063,Depot 3,1,1,1,1,1,1,1
D001064,Depot 9,0,1,0,0,1,0,0
D001065,Depot 9,1,1,1,1,0,1,0
D001066,Depot 4,1,0,0,1,1,0,1
D001067,Depot 9,1,1,1,1,0,0,0
D001068,Depot 3,1,1,1,0,0,1,0
D001069,Depot 7,1,1,1,1,1,0,0
D001070,Depot 12,1,1,1,1,1,0,0
D001071,Depot 10,1,1,1,0,1,0,0
D001072,Depot 10,1,1,1,1,1,0,1
D001073,Depot 9,1,1,1,0,0,0,0
D001074,Depot 2,1,0,1,1,0,0,1
D001075,Depot 13,1,1,0,1,1,1,0
D001076,Depot 12,1,1,1,1,1,0,0
D001077,Depot 8,1,1,0,0,1,1,1
D001078,Depot 11,1,0,1,1,1,1,0
D001079,Depot 11,1,1,1,1,1,1,1
D001080,Depot 1,1,0,1,1,1,0,1
D001081,Depot 9,1,1,1,0,0,1,1
D001082,Depot 10,1,1,1,0,1,0,0
D001083,Depot 12,1,1,1,0,1,0,1
D001084,Depot 9,0,0,0,0,1,1,0
D001085,Depot 1,1,1,0,1,0,0,1
D001086,Depot 11,1,1,1,1,1,1,0
D001087,Depot 1,1,1,1,1,1,0,0
D001088,Depot 2,1,0,1,0,0,0,1
D001089,Depot 6,1,1,1,0,0,1,1
D001090,Depot 10,1,0,1,0,1,1,1
D001091,Depot 11,1,1,1,1,1,0,1
D001092,Depot 11,1,1,1,0,1,1,1
D001093,Depot 10,1,1,1,1,1,1,0
D001094,Depot 5,0,1,1,1,0,1,1
D001095,Depot 2,1,1,0,1,1,0,1
D001096,Depot 5,1,1,0,1,0,1,1
D001097,Depot 10,1,1,1,1,0,1,0
D001098,Depot 2,0,0,1,1,1,1,0
D001099,Depot 7,1,1,1,0,1,1,1
D001100,Depot 7,1,0,0,0,1,1,1
D001101,Depot 4,0,0,0,0,1,1,0
D001102,Depot 13,1,0,1,1,1,0,1
D001103,Depot 1,1,1,1,1,1,1,0
D001104,Depot 1,1,1,1,1,1,0,1
D001105,Depot 13,1,1,1,1,1,1,1
D001106,Depot 6,1,0,1,0,1,0,0
D001107,Depot 3,1,1,1,0,1,0,1
D001108,Depot 8,1,1,1,0,1,1,1
D001109,Depot 4,1,1,0,0,1,1,0
D001110,Depot 3,0,0,1,1,1,1,1
D001111,Depot 10,1,1,0,1,1,0,0
D001112,Depot 10,1,1,1,1,0,0,1
D001113,Depot 1,1,1,0,1,1,0,1
D001114,Depot 13,1,1,1,1,1,1,0
D001115,Depot 11,1,1,1,0,0,1,1
D001116,Depot 13,1,1,0,0,1,1,1
D001117,Depot 9,1,1,1,0,0,1,1
D001118,Depot 2,0,1,1,1,1,1,1
D001119,Depot 5,1,1,1,0,1,1,1
D001120,Depot 10,1,1,1,1,1,0,0
D001121,Depot 7,1,1,1,1,1,1,1
D001122,Depot 4,1,1,1,0,1,1,1
D001123,Depot 11,0,0,0,1,1,1,0
D001124,Depot 2,1,1,1,1,1,1,1
D001125,Depot 6,1,0,1,1,0,0,1
D001126,Depot 6,1,1,0,1,1,1,0
D001127,Depot 13,1,1,1,1,1,1,0
D001128,Depot 2,1,1,1,0,1,0,1
D001129,Depot 3,0,1,1,1,0,1,1
D001130,Depot 9,1,1,1,0,1,0,1
D001131,Depot 11,1,1,1,0,0,1,0
D001132,Depot 6,1,1,1,0,0,1,0
D001133,Depot 11,1,1,1,1,0,1,0
D001134,Depot 7,1,1,1,0,1,1,1
D001135,Depot 8,1,0,1,1,1,1,1
D001136,Depot 9,1,1,1,1,1,0,0
D001137,Depot 7,1,1,1,0,1,1,0
D001138,Depot 9,1,1,0,1,1,0,1
D001139,Depot 12,0,1,0,0,1,1,1
D001140,Depot 5,0,1,1,0,0,1,1
D001141,Depot 4,1,1,1,1,0,1,1
D001142,Depot 3,1,0,1,0,1,1,1
D001143,Depot 12,1,0,1,1,0,1,1
D001144,Depot 8,1,1,1,0,1,0,1
D001145,Depot 6,1,1,0,1,0,0,1
D001146,Depot 2,1,0,0,1,1,1,1
D001147,Depot 2,0,1,0,1,0,1,0
D001148,Depot 3,1,1,1,0,0,1,1
D001149,Depot 7,1,1,1,1,1,0,1
D001150,Depot 9,1,0,1,1,1,1,1
D001151,Depot 11,1,0,0,1,1,1,1
D001152,Depot 6,1,1,1,1,0,1,0
D001153,Depot 10,1,1,0,1,1,1,1
D001154,Depot 8,1,1,1,0,0,1,1
D001155,Depot 3,0,1,1,1,1,1,1
D001156,Depot 6,1,1,1,1,1,0,1
D001157,Depot 5,0,1,1,0,1,0,1
D001158,Depot 7,0,0,0,1,1,0,0
D001159,Depot 12,0,1,0,1,1,0,1
D001160,Depot 3,1,1,1,1,0,1,1
D001161,Depot 12,1,1,1,1,1,0,1
D001162,Depot 1,1,0,0,0,0,1,1
D001163,Depot 6,1,1,0,1,0,0,1
D001164,Depot 13,1,0,0,1,0,1,1
D001165,Depot 9,1,1,1,1,1,1,1
D001166,Depot 6,0,1,1,0,1,0,0
D001167,Depot 9,1,0,1,1,0,1,0
D001168,Depot 7,1,0,0,0,1,1,0
D001169,Depot 8,1,1,1,1,1,1,1
D001170,Depot 7,1,0,0,1,0,0,1
D001171,Depot 5,1,0,0,1,1,1,1
D001172,Depot 8,0,1,1,1,0,1,1
D001173,Depot 2,1,1,1,1,1,1,1
D001174,Depot 7,1,1,1,1,1,1,1
D001175,Depot 4,1,0,0,1,1,1,1
D001176,Depot 9,1,1,1,1,1,0,0
D001177,Depot 10,0,1,1,0,1,1,1
D001178,Depot 3,1,0,1,0,1,1,0
D001179,Depot 10,1,1,1,1,0,0,0
D001180,Depot 13,1,0,1,1,0,1,1
D001181,Depot 12,0,1,0,1,0,1,1
D001182,Depot 9,1,1,1,1,0,1,0
D001183,Depot 12,1,1,0,1,0,1,0
D001184,Depot 1,1,0,1,0,1,1,1
D001185,Depot 10,1,1,0,1,0,1,1
D001186,Depot 11,0,0,1,1,1,0,0
D001187,Depot 7,1,0,0,1,1,1,1
D001188,Depot 10,1,1,1,0,0,1,0
D001189,Depot 1,1,0,1,0,1,1,1
D001190,Depot 2,0,1,1,0,1,1,1
D001191,Depot 4,0,1,1,1,1,1,1
D001192,Depot 4,0,1,1,1,0,1,1
D001193,Depot 2,1,1,1,1,1,1,1
D001194,Depot 3,1,1,1,0,0,0,1
D001195,Depot 12,0,0,1,1,1,0,1
D001196,Depot 13,1,1,1,1,0,0,1
D001197,Depot 9,0,1,0,0,1,0,1
D001198,Depot 6,0,1,0,0,1,1,1
D001199,Depot 12,0,0,0,0,1,1,1
D001200,Depot 5,1,1,1,1,0,1,1
D001201,Depot 7,1,0,0,1,1,0,0
D001202,Depot 9,1,0,0,0,1,0,1
D001203,Depot 6,1,1,1,1,1,1,1
D001204,Depot 8,1,0,1,1,1,1,1
D001205,Depot 6,1,0,1,1,1,1,0
D001206,Depot 3,1,0,0,1,0,1,0
D001207,Depot 7,1,1,0,1,1,0,1
D001208,Depot 5,1,0,1,0,1,1,1
D001209,Depot 1,1,1,1,1,1,1,1
D001210,Depot 1,1,1,0,1,0,1,1
D001211,Depot 3,1,0,1,0,0,0,1
D001212,Depot 8,1,1,1,0,0,1,1
D001213,Depot 11,1,1,1,1,0,1,1
D001214,Depot 12,1,1,1,0,1,1,1
D001215,Depot 3,1,1,1,1,1,1,1
D001216,Depot 3,1,1,1,0,1,1,0
D001217,Depot 3,1,1,1,1,1,1,1
D001218,Depot 4,1,1,1,1,1,0,1
D001219,Depot 8,0,1,0,1,0,1,0
D001220,Depot 2,1,1,1,1,1,1,0
D001221,Depot 12,0,1,0,1,0,1,1
D001222,Depot 8,0,0,1,0,1,0,0
D001223,Depot 4,1,0,1,1,1,1,1
D001224,Depot 13,0,1,1,0,1,1,0
D001225,Depot 7,0,1,1,1,1,1,1
D001226,Depot 3,0,1,1,1,1,0,1
D001227,Depot 3,1,1,1,0,0,1,1
D001228,Depot 1,1,0,1,1,0,0,1
D001229,Depot 4,1,1,1,1,1,1,1
D001230,Depot 3,1,1,0,1,0,0,1
D001231,Depot 5,1,0,1,1,0,1,1
D001232,Depot 1,0,1,1,1,0,1,1
D001233,Depot 8,1,0,0,0,0,1,1
D001234,Depot 3,0,1,1,0,1,1,1
D001235,Depot 12,1,1,1,1,0,1,1
D001236,Depot 8,1,0,0,0,1,0,1
D001237,Depot 12,0,1,0,1,1,1,0
D001238,Depot 13,1,1,1,0,1,1,1
D001239,Depot 5,1,1,1,1,1,0,1
D001240,Depot 8,1,1,1,1,1,1,1
D001241,Depot 6,0,1,1,1,1,1,1
D001242,Depot 11,0,1,0,1,0,1,0
D001243,Depot 11,1,1,0,1,1,1,0
D001244,Depot 8,1,1,1,0,0,0,0
D001245,Depot 9,1,1,1,1,1,1,1
D001246,Depot 5,1,1,1,1,0,0,0
D001247,Depot 1,1,1,0,1,1,1,1
D001248,Depot 7,1,1,1,0,1,1,1
D001249,Depot 6,0,0,1,1,1,0,1
D001250,Depot 1,1,1,0,1,1,1,1
D001251,Depot 9,1,0,1,1,1,1,1
D001252,Depot 9,1,1,1,1,1,1,1
D001253,Depot 8,1,1,1,1,1,1,1
D001254,Depot 5,0,0,1,1,1,0,1
D001255,Depot 9,1,1,1,1,1,1,1
D001256,Depot 7,1,0,1,0,1,1,0
D001257,Depot 1,1,0,1,1,1,1,1
D001258,Depot 3,0,1,1,1,1,0,0
D001259,Depot 1,1,0,1,1,1,1,1
D001260,Depot 13,1,1,1,1,0,1,1
D001261,Depot 9,1,0,1,1,0,1,1
D001262,Depot 5,0,1,0,1,1,0,0
D001263,Depot 3,0,1,0,1,0,0,1
D001264,Depot 3,1,1,1,1,1,1,1
D001265,Depot 12,1,0,1,1,0,0,1
D001266,Depot 6,1,0,0,1,1,1,1
D001267,Depot 12,1,0,1,1,1,1,1
D001268,Depot 12,0,1,1,1,0,1,1
D001269,Depot 4,1,0,0,1,1,1,1
D001270,Depot 10,1,0,0,1,1,1,0
D001271,Depot 4,1,1,1,0,0,1,1
D001272,Depot 8,0,1,0,0,0,1,0
D001273,Depot 11,0,0,1,0,1,0,0
D001274,Depot 1,1,1,1,1,1,1,1
D001275,Depot 8,1,0,1,1,1,0,1
D001276,Depot 1,1,0,0,1,1,1,0
D001277,Depot 7,0,1,0,0,1,1,0
D001278,Depot 3,0,0,1,1,1,1,1
D001279,Depot 5,1,1,1,0,1,0,1
D001280,Depot 1,1,1,1,1,1,1,0
D001281,Depot 5,1,1,0,1,1,1,1
D001282,Depot 4,0,1,1,0,0,1,0
D001283,Depot 2,0,1,1,1,1,1,1
D001284,Depot 12,1,0,1,1,1,0,1
D001285,Depot 8,0,1,1,1,0,1,0
D001286,Depot 13,1,1,1,1,1,1,1
D001287,Depot 9,1,0,1,1,1,1,1
D001288,Depot 11,0,1,0,1,1,1,1
D001289,Depot 13,1,1,1,1,1,1,0
D001290,Depot 5,1,1,1,1,1,1,1
D001291,Depot 12,0,1,1,1,1,1,1
D001292,Depot 8,1,0,0,1,1,0,1
D001293,Depot 6,1,0,1,1,1,1,1
D001294,Depot 6,1,1,1,0,1,1,0
D001295,Depot 8,1,0,1,1,1,1,0
D001296,Depot 12,0,1,1,1,1,1,1
D001297,Depot 13,1,0,0,1,0,0,1
D001298,Depot 12,0,1,1,0,0,0,1
D001299,Depot 5,1,1,1,0,1,1,0
D001300,Depot 5,1,1,1,0,1,1,1
D001301,Depot 8,1,1,0,1,0,1,1
D001302,Depot 6,1,0,1,0,1,1,0
D001303,Depot 7,1,1,0,0,1,1,1
D001304,Depot 5,0,0,0,1,1,0,0
D001305,Depot 10,1,0,1,1,1,1,0
D001306,Depot 11,0,0,1,0,1,0,1
D001307,Depot 8,1,0,1,0,0,1,1
D001308,Depot 4,1,1,1,1,1,1,1
D001309,Depot 12,1,0,0,0,1,1,0
D001310,Depot 6,1,1,1,1,1,0,1
D001311,Depot 10,0,1,1,1,1,0,1
D001312,Depot 1,1,1,1,0,1,1,0
D001313,Depot 13,1,0,1,0,1,1,1
D001314,Depot 13,0,1,0,1,1,0,1
D001315,Depot 12,1,1,1,0,0,1,0
D001316,Depot 3,1,0,0,1,1,1,1
D001317,Depot 11,1,0,1,1,1,1,1
D001318,Depot 1,1,1,1,0,1,1,1
D001319,Depot 4,0,0,1,1,1,1,1
D001320,Depot 13,1,1,0,1,0,1,1
D001321,Depot 12,1,0,0,1,0,0,0
D001322,Depot 2,1,1,1,1,0,1,1
D001323,Depot 13,1,1,1,1,0,0,0
D001324,Depot 11,1,0,1,1,0,1,1
D001325,Depot 13,1,0,0,0,1,1,1
D001326,Depot 11,1,1,1,0,1,1,0
D001327,Depot 11,1,0,0,1,1,0,1
D001328,Depot 8,0,1,1,0,0,1,1
D001329,Depot 5,1,1,1,1,1,0,1
D001330,Depot 13,1,1,1,1,0,1,1
D001331,Depot 6,1,0,0,1,1,1,1
D001332,Depot 2,1,1,0,1,0,0,1
D001333,Depot 12,1,0,0,1,1,0,1
D001334,Depot 11,1,0,1,0,1,1,1
D001335,Depot 6,0,1,1,1,0,0,1
D001336,Depot 7,0,1,1,0,1,1,1
D001337,Depot 13,1,1,1,1,1,1,1
D001338,Depot 7,1,1,1,1,1,1,0
D001339,Depot 12,0,1,1,0,1,1,1
D001340,Depot 8,1,1,1,1,0,1,1
D001341,Depot 8,1,0,0,1,1,1,0
D001342,Depot 3,1,1,0,1,1,0,1
D001343,Depot 13,1,1,1,1,1,1,0
D001344,Depot 1,1,1,1,1,1,1,1
D001345,Depot 5,0,1,1,1,0,1,0
D001346,Depot 5,1,1,1,0,1,1,1
D001347,Depot 6,1,1,1,1,1,1,1
D001348,Depot 5,1,1,0,1,1,1,1
D001349,Depot 6,1,0,1,1,1,1,0
D001350,Depot 12,1,0,1,1,1,1,1
D001351,Depot 6,1,0,0,1,0,0,1
D001352,Depot 12,1,1,0,0,1,1,1
D001353,Depot 13,1,0,0,0,1,0,1
D001354,Depot 9,1,1,1,0,1,0,1
D001355,Depot 1,1,1,1,0,1,1,1
D001356,Depot 12,0,1,0,1,0,1,1
D001357,Depot 6,1,1,0,1,0,1,1
D001358,Depot 5,1,1,1,1,1,1,1
D001359,Depot 3,1,1,1,0,0,0,1
D001360,Depot 9,1,1,1,0,0,1,1
D001361,Depot 1,1,1,1,1,1,0,1
D001362,Depot 13,1,0,1,1,1,1,1
D001363,Depot 10,0,1,1,1,1,1,0
D001364,Depot 9,1,1,1,1,1,0,0
D001365,Depot 9,1,1,1,1,1,1,0
D001366,Depot 5,1,1,0,1,1,1,1
D001367,Depot 13,1,1,1,1,1,1,1
D001368,Depot 11,0,0,1,1,1,1,0
D001369,Depot 12,1,1,1,1,0,0,0
D001370,Depot 8,1,1,0,1,1,1,1
D001371,Depot 12,0,1,0,1,1,0,0
D001372,Depot 7,1,1,1,0,1,1,1
D001373,Depot 11,1,0,1,1,1,1,1
D001374,Depot 1,1,1,1,1,0,1,1
D001375,Depot 3,1,1,1,1,0,0,1
D001376,Depot 8,1,1,1,1,1,0,1
D001377,Depot 3,1,1,0,1,0,0,1
D001378,Depot 8,0,0,1,1,0,1,0
D001379,Depot 1,0,1,0,1,1,1,1
D001380,Depot 3,0,1,1,1,0,1,1
D001381,Depot 7,0,0,1,1,0,1,1
D001382,Depot 11,1,0,1,1,0,0,1
D001383,Depot 5,1,1,1,1,0,1,0
D001384,Depot 3,1,1,1,0,1,0,0
D001385,Depot 11,1,1,1,0,0,1,1
D001386,Depot 9,1,1,1,1,1,1,1
D001387,Depot 4,1,1,1,1,1,1,1
D001388,Depot 4,1,0,1,1,1,1,1
D001389,Depot 3,1,0,1,1,1,1,0
D001390,Depot 5,1,1,1,1,1,0,1
D001391,Depot 11,1,1,1,1,1,1,0
D001392,Depot 10,0,1,1,1,1,1,1
D001393,Depot 9,1,1,0,1,0,0,1
D001394,Depot 11,0,1,0,1,0,0,0
D001395,Depot 2,1,0,0,1,1,0,0
D001396,Depot 2,1,0,0,1,1,0,1
D001397,Depot 3,0,1,1,1,0,1,0
D001398,Depot 3,1,0,0,0,1,1,0
D001399,Depot 8,1,1,1,1,1,0,1
D001400,Depot 7,1,1,1,1,1,1,0
D001401,Depot 10,0,0,1,1,0,1,0
D001402,Depot 2,1,0,1,1,1,1,1
D001403,Depot 2,1,0,1,1,0,1,1
D001404,Depot 1,1,1,0,1,1,0,1
D001405,Depot 4,1,0,0,1,0,0,0
D001406,Depot 2,1,0,1,0,1,1,0
D001407,Depot 4,1,1,0,1,0,1,1
D001408,Depot 13,0,0,0,0,1,1,1
D001409,Depot 4,1,1,1,1,1,1,0
D001410,Depot 5,0,1,0,0,0,1,1
D001411,Depot 4,0,0,1,1,1,1,0
D001412,Depot 12,1,1,1,1,1,1,1
D001413,Depot 12,1,1,0,1,1,0,1
D001414,Depot 11,1,1,0,0,1,1,1
D001415,Depot 11,0,1,0,1,1,1,1
D001416,Depot 2,1,0,1,1,0,1,1
D001417,Depot 13,0,0,1,1,1,1,0
D001418,Depot 6,1,0,1,1,1,0,0
D001419,Depot 11,0,1,1,0,1,0,1
D001420,Depot 12,1,0,0,1,0,0,0
D001421,Depot 9,0,1,0,1,1,1,1
D001422,Depot 5,1,0,1,1,0,1,0
D001423,Depot 11,0,1,1,0,0,0,1
D001424,Depot 12,1,1,1,1,0,1,0
D001425,Depot 10,1,1,1,1,1,0,1
D001426,Depot 3,0,0,1,1,0,0,1
D001427,Depot 2,1,0,1,0,0,1,1
D001428,Depot 1,1,1,1,1,0,1,1
D001429,Depot 13,0,1,1,1,1,1,0
D001430,Depot 3,0,0,0,0,0,1,0
D001431,Depot 9,1,1,1,1,1,1,1
D001432,Depot 6,1,0,1,0,1,1,1
D001433,Depot 1,1,1,1,1,0,0,1
D001434,Depot 6,0,1,1,1,1,0,1
D001435,Depot 10,1,1,1,1,1,0,1
D001436,Depot 5,1,0,1,1,1,1,0
D001437,Depot 8,1,1,0,1,1,1,1
D001438,Depot 5,1,1,1,0,0,0,1
D001439,Depot 9,0,1,0,1,1,1,1
D001440,Depot 2,1,1,0,1,1,1,1
D001441,Depot 11,1,1,1,1,1,1,0
D001442,Depot 1,1,0,0,1,1,0,1
D001443,Depot 13,1,0,1,1,1,1,1
D001444,Depot 2,1,1,0,1,1,1,0
D001445,Depot 5,1,1,1,0,0,1,1
D001446,Depot 10,0,1,1,1,1,0,1
D001447,Depot 3,0,1,0,1,1,1,1
D001448,Depot 10,1,1,0,1,1,0,0
D001449,Depot 4,1,1,0,0,1,0,0
D001450,Depot 13,1,1,1,1,1,0,1
D001451,Depot 13,1,1,1,0,0,1,0
D001452,Depot 5,1,0,0,1,1,1,0
D001453,Depot 11,1,0,0,1,1,0,1
D001454,Depot 2,1,1,0,1,1,1,1
D001455,Depot 11,1,0,1,1,1,1,1
D001456,Depot 11,0,1,1,0,1,0,1
D001457,Depot 5,1,1,0,1,1,1,1
D001458,Depot 3,1,1,1,1,0,1,1
D001459,Depot 6,0,1,1,1,1,0,0
D001460,Depot 4,1,1,1,0,1,1,1
D001461,Depot 4,1,0,1,1,1,1,1
D001462,Depot 4,0,1,1,1,1,1,1
D001463,Depot 2,1,0,1,1,1,1,1
D001464,Depot 2,0,0,1,1,1,1,0
D001465,Depot 12,0,1,0,1,1,1,1
D001466,Depot 2,1,1,1,1,1,1,1
D001467,Depot 12,1,1,1,1,1,0,1
D001468,Depot 8,0,0,1,1,0,1,1
D001469,Depot 6,0,0,1,1,1,1,0
D001470,Depot 12,1,1,1,0,1,0,0
D001471,Depot 9,1,1,1,1,1,1,1
D001472,Depot 3,1,1,1,0,1,1,1
D001473,Depot 3,1,0,1,1,1,1,1
D001474,Depot 7,1,1,0,1,1,0,1
D001475,Depot 11,0,1,1,1,1,0,1
D001476,Depot 1,1,0,0,1,1,0,1
D001477,Depot 1,1,1,1,0,1,1,1
D001478,Depot 8,1,1,0,0,1,1,0
D001479,Depot 2,0,1,1,1,0,0,0
D001480,Depot 1,1,1,1,0,1,0,0
D001481,Depot 3,1,1,0,1,1,1,1
D001482,Depot 2,1,1,0,1,0,1,0
D001483,Depot 11,1,1,1,1,1,0,0
D001484,Depot 5,1,1,1,1,1,1,1
D001485,Depot 1,0,1,1,1,1,0,1
D001486,Depot 11,1,1,0,1,0,1,0
D001487,Depot 10,1,1,1,0,1,1,0
D001488,Depot 3,1,1,1,1,1,1,0
D001489,Depot 4,0,1,0,0,1,1,1
D001490,Depot 10,1,0,0,1,1,1,1
D001491,Depot 2,0,1,0,1,1,1,1
D001492,Depot 1,0,1,1,1,0,1,0
D001493,Depot 6,1,1,0,0,1,0,1
D001494,Depot 3,0,0,0,1,1,1,1
D001495,Depot 12,1,1,1,1,1,0,1
D001496,Depot 2,1,0,1,1,1,1,1
D001497,Depot 12,1,1,1,0,1,1,1
D001498,Depot 9,0,0,1,1,1,0,0
D001499,Depot 13,1,0,1,1,0,0,1
D001500,Depot 8,1,0,0,1,1,1,0
